,id_especie,nome_cientifico,nome_popular_1,genero,especie,familia,densidade_basica,contracao_tangencial,contracao_radial,contracao_volumetrica,relacao_tangencial_radial,flexao_seca_moe,flexao_seca_mor,compressao_paralela_seca,dureza_janka_paralela_seca,dureza_janka_transversal_seca,cisalhamento_seca,cor_cerne_classificacao,textura,gra,brilho,cerne_alburno,figura_tangencial,secagem_duracao_dias
0,21,Astronium lecointei,MUIRACATIARA-RAJADA,Astronium,lecointei,Anacardiaceae,0.75,7.2,4.1,11.0,1.76,12.94,145.63,84.14,7688.43,8659.29,11.77,marrom,media ,"ondulada, sem desenho",alto nas superfícies longitudinais,,,
1,24,Bagassa guianensis,TATAJUBA,Bagassa,guianensis,Moraceae,0.7,5.8,4.1,9.5,1.41,11.57,124.45,78.55,9875.32,7384.43,12.55,amarela,"média, com desenho em estrias nas superfícies radiais",entrecruzada geralmente ,alto nas superfícies longitudinais ,distintos,,
2,28,Bowdichia nitida,SUCUPIRA,Bowdichia,nitida,Fabaceae,0.77,7.4,4.5,12.3,1.64,13.53,153.96,86.79,12758.48,11307.1,12.55,marrom,grossa com pouco desenho,direita a ligeiramente entrecruzada,alto,distintos,,
3,47,Calophyllum brasiliense,JACAREÚBA,Calophyllum,brasiliense,Calophyllaceae,0.54,8.4,5.4,12.9,1.56,8.53,87.67,53.25,7864.95,5668.26,10.59,marrom,média e homogênea,"irregular e, geralmente, entrecruzada",moderado,pouco distintos a indistintos,,
4,50,Carapa guianensis,ANDIROBA,Carapa,guianensis,Meliaceae,0.56,7.0,4.6,11.8,1.52,10.3,94.83,53.45,8080.7,6295.89,9.61,marrom,média,direita a entrecruzada,fraco,indistintos,pouco desenho,
5,54,Caryocar sp,MURURERANA,Caryocar,sp,Caryocaraceae,0.69,8.1,5.0,13.2,1.62,10.0,101.5,59.33,6982.35,7355.01,10.49,marrom,grossa ,entrecruzada,fraco,,"ausente, não apresenta desenho",
6,60,Cedrela sp,CEDRO,Cedrela,sp,Meliaceae,0.43,6.2,4.4,9.6,1.41,7.94,70.02,43.74,4413.0,3177.36,7.45,rosa,,direita:média,médio,distintos,pouco desnhada,
7,71,Copaifera sp,COPAÍBA,Copaifera,sp,Caesalpiniaceae,0.47,6.8,3.9,10.3,1.74,9.71,65.41,43.15,5678.06,4059.96,7.94,marrom,média,direita,ausente,,ausente,
8,75,Cordia sp,FREI-JORGE,Cordia,sp,Boraginaceae,0.5,8.1,4.5,11.4,1.8,,,,,,,marrom,média grossa,direita,muito acentuado,,"Cordia goeldiana possui atraente desenho, constituído por faixas de cor marron claro e de cor marron escuro alternadamente Cordia bicolor: marron amarelado, não apresentando desenho",
9,111,Euxylophora paraensis,PAU-AMARELO,Euxylophora,paraensis,Rutaceae,0.68,6.1,4.5,11.1,1.36,12.75,115.33,69.73,10708.89,8296.45,10.59,amarela,fina,direita,alto,,,
10,245,Handroanthus serratifolius = Tabebuia serratifolia,IPÊ,Handroanthus,serratifolius,Bignoniaceae,0.89,6.3,4.7,10.1,1.34,12.85,169.26,85.22,14513.88,13788.19,13.44,marrom,média ,direita ou irregular,fraco,,pouco destacada,
11,153,Manilkara sp,MAÇARANDUBA,Manilkara,sp,Sapotaceae,0.89,9.4,6.7,16.38,1.4,13.93,169.56,82.47,15023.83,14356.97,15.49,marrom,fina e uniforme,direita,ausente,indistintos,não apresenta desenho ,
12,168,Ocotea cymbarum = Ocotea barcellensis,LOURO-MAMORIM,Ocotea,cymbarum,Lauraceae,0.55,6.8,3.6,10.0,1.89,10.1,99.34,56.19,5403.48,5050.44,9.32,marrom,fina,entrecruzada,alto nas superfícies longitudinais,,pouco desenho,
13,242,Swietenia macrophylla,MOGNO,Swietenia,macrophylla,Meliaceae,0.52,4.7,2.9,7.2,1.62,,,,,,,amarela, Textura média,entrecruzada,forte nas faces longitudinais,indistintos,,
14,136,Laetia procera,PAU-JACARÉ,Laetia,procera,Flacourtiaceae,0.68,12.0,5.1,17.1,2.35,15.4,120.33,66.88,11228.64,9708.61,16.18,amarela,média,revessa,ausente,indistintos,"destacada, causada pelas linhas vasculares",5
15,31,Brosimum gaudichaudii,MURURÉ,Brosimum,gaudichaudii,Moraceae,0.67,9.1,5.0,14.1,1.82,14.22,137.49,76.98,14347.17,13503.79,15.98,marrom,média,direita,ausente,distintos,"pouco destacada, causada pelas linhas vasculares",95
16,56,Cassia fastuosa,CANAFÍSTULA,Cassia,fastuosa,Caesalpiniaceae,0.71,9.1,6.2,,1.47,13.14,113.95,72.18,12258.34,11120.77,14.42,marrom,média tendendo a grossa,revessa,moderado na superfície radial,distintos,"em linhas longitudinais destacadas, causadas pelos vasos e parênquima axial",129
17,207,Chrysophyllum lucentifolium = Pouteria pachycarpa,GOIABÃO,Chrysophyllum,lucentifolium,Sapotaceae,0.73,11.2,6.2,16.5,1.81,16.38,155.53,74.04,15219.96,12817.32,18.14,amarela,"média, tendendo a fina",direita,moderado,indistintos,"em forma de V, causada pelas camadas de crescimento e de aspecto fibroso atenuado",38
18,112,Euxylophora paraensis,PAU-AMARELO,Euxylophora,paraensis,Rutaceae,0.69,7.8,6.5,13.1,1.2,13.73,126.9,69.43,12434.86,10993.28,17.75,amarela,"média, tendendo a fina",direita,moderado,indistintos,"em faixas longitudinais pouco destacadas, causadas pelas camadas de crescimento",35
19,165,Myrocarpus frondosus,CABREÚVA-PARDA,Myrocarpus,frondosus,Fabaceae,0.78,7.0,4.4,11.3,1.59,15.1,154.16,85.91,15288.61,13680.31,17.85,vermelha,"média, tendendo a fina",direita a revessa,ausente,distintos,"em forma de V, causada pelas camadas de crescimento",38
20,114,Pouteria gongrijpii = Franchetella gongrijpii,TUTURUBÁ,Pouteria,gongrijpii,Sapotaceae,0.72,10.1,4.5,15.0,2.24,15.3,144.45,75.51,11669.94,10659.86,17.65,marrom,fina,direita,ausente,pouco distintos a indistintos,não apresenta,6
21,240,Stryphnodendron pulcherrimum,FAVA-BRANCA,Stryphnodendron,pulcherrimum,Sterculiaceae,0.48,7.5,5.1,11.1,1.47,11.87,95.91,44.91,7305.97,5825.16,12.26,cinza,média,direita a revessa,moderado na superfície radial,indistintos,em linhas vasculares destacadas,72
22,255,Terminalia cf argentea,CACHAPORRA-DO-GENTIO,Terminalia,cf,Combretaceae,0.8,9.8,5.8,15.2,1.69,15.4,142.0,84.63,15416.09,13964.71,17.65,marrom,média,direita a ondulada,moderado na superfície radial,distintos,"em linhas longitudinais destacadas, causadas pelas camadas de crescimento",64
23,258,Tetragastris panamensis,BARROTE,Tetragastris,panamensis,Burseraceae,0.75,9.8,5.0,14.9,1.96,14.02,123.56,60.51,13876.45,12670.22,18.93,marrom,fina,revessa,moderado,pouco distintos,pouco destacada e em forma de U,35
24,279,Zizyphus cinnamomum = Zizyphus itacaiunensis,MARIA-preta,Zizyphus,cinnamomum,Rhamnaceae,0.8,9.9,6.9,15.7,1.43,16.18,156.61,87.48,16357.53,14817.89,19.42,marrom,fina,revessa,moderado,distintos,"pouco destacada, causada pelo parênquima axial",72
25,280,Zollernia paraensis,PAU-SANTO,Zollernia,paraensis,Fabaceae,0.97,9.6,5.0,16.8,1.92,17.85,187.8,95.52,14611.95,14504.07,18.44,preta,fina,revessa,ausente,distintos,"pouco destacada em linhas longitudinais onduladas e descontínuas, devido ao parênquima axial",37
26,15,Aniba canelilla,CASCA-PRECIOSA,Aniba,canelilla, Lauraceae,0.92,8.2,6.4,13.6,1.28,17.55,183.87,97.77,14710.01,14984.6,18.44,marrom,média ,cruzada irregular,moderado,distintos,causada por linhas vasculares destacadas,75
27,219,Annona exsucca = Rollinia exsucca,EMBIRA,Annona,exsucca,Annonaceae,0.52,8.8,3.2,12.3,2.75,11.77,89.63,52.27,5285.8,3844.22,8.43,amarela,média,direita,ausente,indistintos,linhas vasculares destacadas,
28,20,Astronium graveolens = Astronium gracile,AROEIRA,Astronium,graveolens,Anacardiaceae,0.73,8.0,5.3,11.9,1.51,15.98,130.72,70.12,8247.41,7747.27,16.77,marrom,média,cruzada revessa e cruzada ondulada,moderado,distintos,não apresenta,
29,301,Astronium lecointei,MUIRACATIARA-RAJADA,Astronium,lecointei,Anacardiaceae,0.79,7.6,4.6,11.9,1.65,15.0,136.41,82.38,8737.75,9590.93,16.77,marrom,média a fina,cruzada ondulada e cruzada levemente revessa,ausente,distintos,em forma de V causada por anéis de crescimento destacados,2
30,23,Astronium ulei,MUIRACATIARA,Astronium,ulei,Anacardiaceae,0.71,8.1,4.3,12.2,1.88,13.44,115.23,69.14,8139.54,7492.3,16.77,vermelha,média,cruzada irregular,ausente,pouco distintos,"em faixas irregulares longitudinais bem destacadas,causadas por anéis de crescimento",
31,29,Bowdichia nitida,SUCUPIRA,Bowdichia,nitida,Fabaceae,0.85,9.0,6.0,14.7,1.5,17.95,182.11,92.28,14847.31,15200.35,19.02,marrom,média à grossa,cruzada irregular,moderado,distintos,"de aspecto fibroso acentuado, causado por destaque de parênquima axial e linhas vasculares",1
32,32,Brosimum alicastrum,JANITÁ ,Brosimum,alicastrum,Moraceae,0.74,9.4,5.6,16.0,1.68,15.98,152.69,86.2,11287.48,9159.43,14.81,amarela,média,direira,acentuado,indistintos,"em linhas longitudinais pouco destacadas, causadas por anéis de crescimento",
33,57,Chamaecrista scleroxylon = Cassia scleroxylon,MUIRAPIXUNA,Chamaecrista,scleroxylon,Caesalpiniaceae,1.01,8.2,3.6,11.5,2.28,16.38,180.83,96.3,14543.3,15278.8,19.91,preta,média,direita a cruzada levemente ondulada,moderado,distintos,não apresenta,2
34,206,Chrysophyllum lucentifolium = Pouteria pachycarpa,GOIABÃO,Chrysophyllum,lucentifolium,Sapotaceae,0.74,12.6,6.5,18.1,1.94,16.87,161.61,82.57,12091.63,10718.7,16.77,amarela,fina,cruzada irregular,moderado,indistintos,em linhas longitudinais causadas por anéis de crescimento,2
35,64,Clarisia racemosa,GUARIÚBA,Clarisia,racemosa,Moraceae,0.6,6.2,3.1,10.0,2.0,12.16,108.85,64.53,7835.53,6119.37,11.67,amarela,média,cruzada revessa,moderado,distintos,causada por linhas vasculares destacadas,55
36,79,Couratari oblongifolia,TAUARI,Couratari,oblongifolia,Lecythidaceae,0.5,6.6,4.2,10.9,1.57,10.89,83.06,44.62,5776.13,4599.33,10.4,branca,média,direita,ausente,indistintos,"em forma de V, causada por anéis de crescimento",2
37,82,Dialium guianense,JATAIPEBA,Dialium,guianense,Caesalpiniaceae,0.88,8.9,5.1,14.5,1.75,17.16,188.58,90.42,16867.48,16122.17,22.36,marrom,media,cruzada revessa,ausente,distintos,não apresenta,
38,86,Dinizia excelsa,ANGELIM-VERMELHO,Dinizia,excelsa,Mimosaceae,0.83,9.5,5.7,14.5,1.67,16.97,156.91,85.61,14317.75,13543.02,17.65,marrom,média,cruzada revessa,moderado,pouco distintos,causadas por linhas vasculares destacadas,55
39,87,Diploon cuspidatum = Diploon venezuelana,ABIURANA-SECA,Diploon,cuspidatum,Sapotaceae,0.85,10.1,7.1,15.7,1.42,17.75,186.91,96.4,11826.85,13101.72,19.61,marrom,fina,direita,ausente,pouco distintos a indistintos,"em forma de V, causada por anéis de crescimento destacados",
40,89,Dipteryx odorata,CUMARU,Dipteryx,odorata,Fabaceae,0.91,8.4,5.4,13.5,1.56,17.95,172.99,96.79,13131.14,15700.49,21.97,marrom,média a fina,cruzada revessa,ausente,distintos,causada por linhas vasculares destacadas,6
41,91,Drypetes variabilis,PAU-BRANCO,Drypetes,variabilis,Euphorbiaceae,0.71,11.3,5.8,15.9,1.95,15.89,143.86,72.47,12895.78,11199.22,16.18,cinza,fina,cruzada revessa e cruzada ondulada,ausente,indistintos,"em faixas longitudinais bem destacadas, causadas por anéis de crescimento",3
42,92,Endopleura uchi,UXI,Endopleura,uchi,Humiriaceae,0.78,9.6,6.4,15.6,1.5,15.3,153.67,74.82,13111.52,10385.27,18.73,marrom,média,direita,moderado,pouco distintos,causada por linhas vasculares destacadas,3
43,93,Enterolobium maximum,TAMBORIL,Enterolobium,maximum,Mimosaceae,0.37,4.5,2.4,6.7,1.88,7.65,48.84,37.66,3854.02,2824.32,8.83,marrom,média a grossa,"cruzada, levemente revessa",moderado,distintos,causada por linhas vasculares bem destacadas,23
44,95,Enterolobium schomburgkii,FAVA-ORELHA-DE-NEGRO,Enterolobium,schomburgkii,Mimosaceae,0.84,9.3,4.2,12.7,2.21,16.77,161.61,78.65,9277.11,10434.3,17.36,amarela,média a grossa,cruzada revessa e cruzada ondulada,moderado,distintos,em linhas vasculares e faixas causadas por anéis de crescimento grã e brilho,3
45,97,Erisma uncinatum,CEDRINHO,Erisma,uncinatum,Vochysiaceae,0.46,10.0,4.3,13.4,2.33,10.79,87.48,49.72,5785.94,3863.83,7.85,marrom,média,cruzada irregular a direita,moderado,distintos,causada por linhas vasculares destacadas,45
46,103,Eschweilera sp,MATAMATÁ,Eschweilera,sp,Lecythidaceae,0.81,10.7,6.0,16.1,1.78,18.93,168.18,86.4,14631.56,13631.28,20.5,marrom,média,direita,moderado,indistintos,em manchas escuras e irregulares,
47,115,Glycydendron amazonicum,GLÍCIA,Glycydendron,amazonicum,Euphorbiaceae,0.66,7.6,4.9,12.0,1.55,14.91,125.92,65.02,8561.23,7433.46,13.44,amarela,média a fina,cruzada ondulada a direita,moderado,distintos,não apresenta,18
48,116,Goupia glabra,CUPIÚBA,Goupia,glabra,Goupiaceae,0.71,8.4,4.5,13.2,1.87,14.61,131.41,67.57,9993.0,8139.54,14.51,marrom,média,cruzada revessa,ausente,pouco distintos a indistintos,causada por linhas vasculares destacadas,14
49,118,Guatteria olivacea,EMBIRA-preta,Guatteria,olivacea,Annonaceae,0.51,9.3,4.4,13.0,2.11,12.26,98.26,51.39,5805.55,4756.24,8.73,cinza,média a grossa,direita ,moderado,indistintos,em faixas pouco destacadas causadas por anéis de crescimento,
50,120,Guatteria procera,EMBIRA-preta,Guatteria,procera,Annonaceae,0.65,11.4,7.2,18.5,1.58,15.3,121.5,69.14,7443.27,6531.25,10.49,cinza,média a grossa,direita,moderado,indistintos,"em faixas longitudinais bem destacadas, causadas por anéis de crescimento",
51,123,Hymenaea courbaril,JATOBÁ,Hymenaea,courbaril,Caesalpiniaceae,0.76,7.7,3.4,11.4,2.26,15.59,137.2,75.81,12287.76,10944.25,19.02,marrom,média,cruzada irregular,moderado,distintos,"em faixas longitudinais bem destacadas, causadas por anéis de crescimento",3
52,124,Hymenaea parvifolia,JATOBÁ / JUTAÍ-DO-CAMPO,Hymenaea,parvifolia,Caesalpiniaceae,0.9,9.7,3.7,13.4,2.62,16.97,169.85,94.73,16386.95,16867.48,23.14,marrom,média,cruzada irregular,moderado,distintos,"em faixas longitudinais bem destacadas, causadas por anéis de crescimento",15
53,125,Hymenolobium modestum,ANGELIM-PEDRA,Hymenolobium,modestum,Fabaceae,0.65,7.7,4.6,13.5,1.67,13.24,118.46,59.92,7904.18,7325.59,13.73,amarela,grossa,cruzada revessa,ausente,distintos,"de aspecto fibroso acantuado, causado por destaque de parênquima axial e linhas vasculares",35
54,129,Inga alba,INGÁ / INGÁ XIXI,Inga,alba,Mimosaceae,0.62,9.6,4.0,13.3,2.4,13.34,120.72,60.21,8463.16,6305.69,14.32,marrom,média a grossa,cruzada ondulada e cruzada revessa,moderado,indistintos,"em forma de V, causada por anéis de crescimento destacados",27
55,130,Inga paraensis,INGÁ,Inga,paraensis,Mimosaceae,0.82,10.7,5.3,15.9,2.02,17.95,182.99,83.36,14886.53,13631.28,21.38,marrom,média a grossa,cruzada irregular,ausente,indistintos,em linhas vasculares e faixas causadas por destaque de anéis de crescimento,2
56,131,Inga sp,INGÁ,Inga,sp,Mimosaceae,0.85,9.6,4.1,12.0,2.34,15.49,157.99,82.08,14866.92,12660.42,20.2,marrom,média a grossa,cruzada irregular,moderado,indistintos,em linhas vasculares e faixas causadas por destaque de anéis de crescimento,
57,137,Lecythis idatimon,MATAMATÁ / SAPUCAIA-AMARGOSA,Lecythis,idatimon,Lecythidaceae,0.76,10.3,4.9,15.3,2.1,14.71,141.02,69.33,10895.22,10414.69,14.42,marrom,,cruzada irregularmedia,ausente,pouco distintos,"em faixas longitudinais bem destacadas, causadas por anéis de crescimento",5
58,138,Lecythis pisonis subsp. usitata,SAPUCAIA / SAPUCAIA-VERMELHA,Lecythis,pisonis,Lecythidaceae,0.84,8.0,5.6,13.9,1.43,14.81,149.94,70.22,12993.84,12591.77,17.16,vermelha,média,cruzada levemente revessa,ausente,distintos,causada por linhas vasculares destacadas,7
59,141,Licania octandra,CARAIPÉ,Licania,octandra,Chrysobalanaceae,0.77,11.9,6.1,17.4,1.95,17.06,161.03,83.36,12199.5,12248.54,15.2,marrom,média,direita,ausente,pouco distintos,não apresenta,63
60,142,Licaria chrysophylla = Licaria rigida,LOURO-AMARELO,Licaria,chrysophylla,Lauraceae,0.73,9.1,5.3,13.5,1.72,17.55,165.54,85.51,10561.79,8982.91,16.77,marrom,média,cruzada irregular,moderado,distintos,em manchas longitudinais irregulares causadas por anéis de crescimento,
61,143,Lueheopsis duckeana,AÇOITA-CAVALO,Lueheopsis,duckeana,Tiliaceae,0.62,9.5,4.6,13.3,2.07,14.22,123.17,62.47,8865.23,7708.05,12.55,marrom,média,cruzada irregular a direita,ausente,indistintos,"em forma de V, causada por anéis de crescimento",17
62,149,Malouetia duckei,SORVA,Malouetia,duckei,Sapotaceae,0.57,9.2,3.7,12.7,2.49,12.65,112.19,59.23,8159.15,5913.43,14.61,cinza,fina,cruzada ondulada e direita,ausente,indistintos,"em forma de V, causada por anéis de crescimento pouco destacados",25
63,150,Manilkara bidentata = Manilkara amazonica,MAÇARANDUBA,Manilkara,bidentata,Sapotaceae,0.83,8.3,5.9,13.8,1.41,13.53,128.17,63.55,8698.52,9100.59,15.98,marrom,fina,direita,ausente,distintos,em manchas escuras e irregulares,7
64,163,Micropholis venulosa,rosaDINHO,Micropholis,venulosa,Sapotaceae,0.67,9.7,4.7,14.0,2.06,13.93,,64.92,9983.2,7649.21,14.42,marrom,fina,cruzada ondulada e direita,moderado,pouco distintos,"de aspecto irregular, causada por anéis de crescimento",
65,171,Ocotea neesiana,LOURO-PRETO,Ocotea,neesiana,Lauraceae,0.55,7.7,4.2,10.2,1.83,11.87,107.97,60.02,4932.76,4491.46,12.45,oliva,média,cruzada revessa,acentuado,distintos a pouco distintos,causada por linhas vasculares destacadas,
66,172,Ocotea sp,LOURO,Ocotea,sp,Lauraceae,0.63,7.8,3.6,11.1,2.17,14.02,119.74,63.45,5236.76,5256.38,12.36,marrom,média,cruzada revessa,acentuado,pouco distintos,causada por linhas vasculares destacadas,115
67,175,Onychopetalum amazonicum,ENBIRA-preta,Onychopetalum,amazonicum,Annonaceae,0.57,8.1,4.9,14.0,1.65,15.0,122.78,65.21,6668.54,5599.61,10.2,amarela,média a grossa,direita,moderado,indistintos,"em faixas pouco destacadas,causadas por anéis de crescimento",
68,178,Ormosia paraensis,TENTO,Ormosia,paraensis,Fabaceae,0.67,10.3,4.7,14.7,2.19,14.61,122.78,70.61,8659.29,8208.19,12.75,marrom,grossa,cruzada revessa e cruzada ondulada,moderado,pouco distintos,"de aspecto fibroso acentuado, causado por destaque de parênquima axial e linhas vasculares",4
69,188,Parkia paraensis,FAVEIRA / VISGUEIRO,Parkia,paraensis,Mimosaceae,0.44,7.6,3.5,11.9,2.17,11.47,73.55,38.64,3912.86,3304.85,9.61,cinza,média,cruzada irregular a direita,ausente,indistintos,causada por linhas vasculares bem destacadas,35
70,194,Piptadenia gonoacantha = Piptadenia communis,rosaDINHO,Piptadenia,gonoacantha,Sapotaceae,0.68,7.4,4.5,13.3,1.64,13.44,116.01,68.65,7217.71,7423.65,13.14,marrom,média,cruzada irregular,médio,pouco distintos,linhas (radial),215
71,198,Pouteria anomala,ABIURANA,Pouteria,anomala,Sapotaceae,0.75,9.4,6.3,15.2,1.49,15.89,162.69,85.12,14347.17,11444.39,18.93,marrom,fina,direita,moderado,pouco distintos,"em faixas longitudianis bem destacadas, causadas por anéis de crescimento",35
72,200,Pouteria caimito,ABIURANA-branca,Pouteria,caimito,Sapotaceae,0.88,9.4,5.3,14.5,1.77,17.55,168.48,87.67,12797.71,12238.73,16.38,marrom,média a fina,cruzada irregular,ausente,distintos,não apresenta,3
73,201,Pouteria caimito,ABIU-PITOMBA,Pouteria,caimito,Sapotaceae,0.85,9.45,5.51,14.94,1.72,14.61,149.26,76.69,12876.16,10963.86,13.24,marrom,fina,irregular,moderado,distintos,"pouco destacada, causada pelas linhas vasculares",
74,205,Pouteria oppositifolia,ABIU-BRANCO,Pouteria,oppositifolia,Sapotaceae,0.65,7.8,4.6,12.5,1.7,,,,,,,marrom,fina,cruzada irregular,ausente,indistintos,não apresenta,
75,211,Protium sp,BREU,Protium,sp,Burseraceae,0.76,9.8,5.1,15.0,1.92,15.49,137.98,78.94,12238.73,10306.82,17.85,marrom,média,cruzada irregular,moderado,pouco distintos a indistintos ,não apresenta,
76,212,Protium tenuifolium,BREU-PRETO,Protium,tenuifolium,Burseraceae,0.63,8.4,4.2,12.0,2.0,12.65,114.15,63.25,8982.91,6746.99,14.61,marrom,média a fina,cruzada ondulada e cruzada irregular,ausente,pouco distintos,não apresenta,
77,196,Pseudopiptadenia suaveolens =Piptadenia suaveolens,TIMBORANA,Pseudopiptadenia,suaveolens,Mimosaceae,0.43,5.42,3.31,9.83,1.64,10.2,82.47,38.83,5570.19,4069.77,,marrom,fina,direita,ausente,indistintos,"em forma de `U´ e em faixas longitudinais destacadas, causadas pelas camadas de crescimento   e em linhas vasculares pouco destacadas",36
78,220,Roupala montana,LOURO-FAIA,Roupala,montana,Proteaceae,0.77,12.3,6.3,18.0,1.95,16.97,158.28,82.96,9571.31,9649.77,15.4,cinza,grossa,direita,moderado,distintos,"de aspecto áspero, causado pelo parênquima radial",1
79,214,Ruizterania albiflora = Qualea albiflora,MANDIOQUEIRA,Ruizterania,albiflora,Vochysiaceae,0.57,9.5,5.3,14.7,1.79,12.85,107.38,57.27,8296.45,6011.49,13.04,branca,média,cruzada revessa,moderado,pouco distintos a indistintos,causada por linhas vasculares destacadas,
80,224,Schefflera morototoni,MOROTOTÓ,Schefflera,morototoni,Araliaceae,0.41,9.1,6.7,15.7,1.36,11.08,71.1,39.72,4795.46,3510.79,10.4,branca,média,direita,moderado,indistintos,"em faixas longitudinais pouco destacadas, causadas por anéis de crescimento",5
81,238,Sterculia excelsa = Sterculia speciosa,XIXÁ,Sterculia,excelsa,Mimosaceae,0.49,10.6,5.2,16.2,2.04,13.63,90.52,46.48,4991.6,4158.03,8.73,cinza,grossa,direita,acentuado,indistintos,causada por linhas vasculares destacadas,"0,6"
82,243,Symphonia globulifera,ANANI,Symphonia,globulifera,Guttiferae,0.58,7.9,4.5,13.2,1.76,13.73,109.25,61.29,6668.54,5599.61,10.4,marrom,média,direita,moderado,distintos,em forma de linhas causadas por destaque de parênquima axial e faixas causadas por anéis de crescimento,2
83,227,Tachigali chrysophylla =Sclerolobium chrysophyllum,TAXI-PITOMBA,Tachigali,chrysophylla,Caesalpiniaceae,0.61,8.0,4.2,12.1,1.9,13.53,114.74,56.39,8345.48,6305.69,15.3,amarela,média a grossa,cruzada irregular a direita,moderado,indistintos ,em linhas vasculares bem destacadas e em forma de V causada por anéis de crescimento,
84,228,Tachigali paraensis = Sclerolobium paraense,TAXI-PRETO / TAXIARANA,Tachigali,paraensis,Caesalpiniaceae,0.61,8.3,4.0,12.3,2.08,13.44,123.37,64.43,10728.5,8727.94,17.36,marrom,média a grossa,cruzada revessa,moderado,pouco distintos,causadas por linhas vasculares bem destacadas,6
85,229,Tachigali poeppigiana = Sclerolobium poeppigianum,TAXI-PITOMBA,Tachigali,poeppigiana,Caesalpiniaceae,0.65,8.1,4.2,12.6,1.93,13.14,128.76,67.67,7982.63,6580.28,17.75,cinza,média a grossa,cruzada irregular a direita,moderado,indistintos ,em linhas vasculares bem destacadas e em forma de V causada por anéis de crescimento,
86,256,Tetragastris altissima,BREU-MANGA,Tetragastris,altissima,Burseraceae,0.74,9.0,4.6,13.0,1.96,14.32,134.65,76.39,12013.18,9649.77,17.95,cinza,média,cruzada revessa,moderado,indistintos,em linhas causadas por anéis de crescimento pouco destacados e pela grã revessa,
87,257,Tetragastris panamensis,BARROTE,Tetragastris,panamensis,Burseraceae,0.77,9.9,5.1,15.0,1.94,13.24,122.49,68.74,13582.24,11287.48,20.1,marrom,media a fina,cruzada irregular,ausente,pouco distintos, Figura tangenciai: em manchas longitudinais irregulares causadas por anéis de crescimento,9
88,259,Trattinnickia burserifolia,AMESCLA,Trattinnickia,burserifolia,Burseraceae,0.5,6.8,4.1,11.7,1.66,10.98,64.14,45.11,5099.47,,9.9,marrom,media,cruzada irregular,moderado,pouco distintos a indistintos,não apresenta,
89,260,Trichilia lecointei,PRACUÚBA-DA-TERRA-FIRME,Trichilia,lecointei,Meliaceae,0.9,8.2,4.4,13.2,1.86,16.38,157.69,86.4,13062.49,14052.97,18.53,marrom,média a fine,cruzada irregular,ausente,distintos,"em manchas longitudinais irregulares, causadas por anéis de crescimento",4
90,261,Vantanea parviflora,UXIRANA,Vantanea,parviflora,Humiriaceae,0.86,10.3,8.2,17.6,1.26,17.55,169.85,86.4,15435.71,13111.52,17.75,marrom,média,direita a cruzada revessa,moderado,indistintos,causada por linhas vasculares destacadas,8
91,263,Vatairea paraensis,FAVEIRA-AMARGOSA,Vatairea,paraensis,Fabaceae,0.78,9.8,4.8,14.0,2.04,15.0,148.37,77.77,9159.43,9669.38,15.79,marrom,média a grossa,cruzada revessa,ausente,distintos,"de aspecto fibroso atenuado, causado por destaque de parênqulma axial e linhas vasculares",
92,265,Vatairea sericea,ANGELIM-AMARGOSO,Vatairea,sericea,Fabaceae,0.71,8.4,4.5,13.9,1.87,14.91,135.43,64.82,7649.21,7894.37,13.83,marrom,média a grossa,cruzada irregular,ausente,distintos,de aspecto fibroso atenuado causado por destaque de parênquima axial e linhas vasculares,5
93,272,Vochysia guianensis,QUARUBA,Vochysia,guianensis,Vochysiaceae,0.54,11.5,5.0,17.5,2.3,14.02,121.31,65.31,7776.69,6962.74,12.26,rosa,média a grossa,cruzada revessa,moderado,distintos,"em linhas longitudinais, causadas por anéis de crescimento",
94,275,Vochysia guianensis = Vochysia melinoni,QUARUBA,Vochysia,guianensis,Vochysiaceae,0.51,10.8,4.7,14.1,2.3,11.87,97.77,53.84,6913.71,5736.9,11.77,rosa,média a grossa,cruzada irregular,moderado,distintos,"em forma de V, causada por anéis de crescimento",
95,273,Vochysia maxima,QUARUBA,Vochysia,maxima,Vochysiaceae,0.49,8.8,4.0,12.1,2.2,11.18,91.2,47.56,5491.74,4717.01,10.0,rosa,média a grossa,cruzada revessa,ausente imperceptível,pouco distintos,"em forma de V, causada por anéis de crescimento destacados",5
96,276,Vochysia obidensis,QUARUBA,Vochysia,obidensis,Vochysiaceae,0.5,10.0,3.2,12.7,3.13,12.45,100.62,52.96,6717.57,5246.57,10.3,rosa,média,cruzada revessa,moderado,distintos,"em faixas pouco destacadas, causadas por anéis de crescimento",4
97,277,Xylopia nitida,EMBIRA-branca,Xylopia,nitida,Annonaceae,0.56,11.4,6.7,16.6,1.7,15.89,116.99,62.08,6560.67,4971.98,8.43,oliva,media,direita,moderado,indistintos,"em faixas bem destacadas, causadas por anéis de crescimento",22
98,5,Allantoma lineata,SERU,Allantoma,lineata,Lecythidaceae,0.6,7.5,5.5,11.6,1.36,12.75,114.84,57.96,4942.56,5128.89,,marrom,fina,direita a revessa,ausente,distintos,"pouco destacada, em faixas longitudinais e em forma de V, causadas pelas camadas de crescimento e em ondulações, devido ao parênquima axial",3
99,18,Aspidosperma desmanthum,ARARACANGA,Aspidosperma,desmanthum,Apocynaceae,0.69,9.0,5.8,14.5,1.55,14.61,132.98,67.86,9247.69,7815.92,12.65,amarela,média,revessa,ausente,distintos,causada pelas linhas vasculares e de aspecto fibroso atenuado,38
100,49,Caraipa densifolia,CAMAÇARI,Caraipa,densifolia,Guttiferae,0.63,9.9,6.5,15.6,1.52,14.81,129.25,64.82,8698.52,6766.61,12.75,marrom,média,direita a revessa,ausente,pouco distintos,"pouco destacada, causada pelas linhas vasculares",9
101,76,Couepia robusta,CASTANHA-DE-CUTIA,Couepia,robusta,Chrysobalanaceae,0.83,11.0,5.8,15.7,1.9,15.59,154.55,78.85,13346.88,14258.91,13.04,marrom,média,direita a revessa,ausente,pouco distintos,"pouco destacada, causada pelas linhas vasculares e em ondulações, devido ao parênquima axial",
102,122,Hura crepitans,AÇACU,Hura,crepitans,Euphorbiaceae,0.39,5.2,3.7,7.5,1.41,8.43,67.67,32.95,3844.22,2775.29,6.96,branca,média,revessa,ausente,distintos,"pouco destacada, causada pelas linhas vasculares",6
103,127,Hymenolobium petraeum,ANGELIM-PEDRA,Hymenolobium,petraeum,Fabaceae,0.59,6.3,4.1,10.1,1.54,11.57,109.34,52.27,7659.01,5785.94,12.26,marrom,grossa,revessa,ausente,distintos,"de aspecto fibroso acentuado, causado polo destaque de parênquima axial e das linhas vasculares",25
104,282,Hymenolobium sp,ANGELIM,Hymenolobium,sp,Fabaceae,0.6,7.2,3.7,9.9,1.95,11.87,111.89,56.29,8139.54,6325.31,13.04,marrom,grossa,revessa,ausente,distintos,"de aspecto fibroso acentuado, causado pelo destaque do parênquima axial e das linhas vasculares",32
105,164,Mouriri collocarpa,MIRAÚBA,Mouriri,collocarpa,Melastomataceae,0.88,11.1,7.1,17.4,1.56,17.16,188.29,94.44,17602.98,17936.41,18.63,marrom,fina,direita e revessa,moderado,pouco distintos,"de aspecto fibroso atenuado, causado pelas linhas vasculares",5
106,173,Ocotea sp,LOURO,Ocotea,sp,Lauraceae,0.59,6.9,4.3,9.9,1.6,13.73,126.7,61.98,5560.38,5403.48,,marrom,média,revessa,ausente,pouco distintos,"pouco destacada, causada pelas linhas vasculares",
107,180,Osteophloeum platyspermum,UCUUBARANA,Osteophloeum,platyspermum,Myristicaceae,0.5,7.4,3.6,10.8,2.06,12.36,88.06,45.99,4354.16,3432.34,9.02,marrom,média,direita,moderado,distintos,"pouco destacada, em faixas longitudinais, causadas pelas camadas de crescimento e linhas vasculares",5
108,183,Parinari excelsa,PARINARI / BAFO-DE-BOI-MIRIM,Parinari,excelsa,Chrysobalanaceae,0.75,10.2,5.3,14.8,1.92,16.18,145.92,81.49,13082.1,11218.84,14.71,marrom,média,direita,ausente,indistintos,"pouco destacada, causada pelas linhas vasculares",34
109,186,Parkia nitida = Parkia oppositifolia,FAVEIRA,Parkia,nitida,Mimosaceae,0.42,5.4,2.7,7.9,2.0,9.51,81.98,34.81,4050.16,2853.74,9.41,branca,média,revessa,ausente,indistintos,"pouco destacada, causada pelas linhas vasculares e em faixas longitudinais, devido às camadas de crescimento",6
110,191,Parkia sp,ROXINHO,Parkia,sp,Caesalpiniaceae,0.29,5.35,2.38,8.13,2.25,6.18,39.13,23.54,,,5.39,Roxa,média,direita,ausente,indistintos,"destacada, causada pelas linhas vasculares",
111,192,Peltogyne paniculata,rosaDINHO,Peltogyne,paniculata,Sapotaceae,0.81,8.1,5.1,12.7,1.59,17.75,187.11,90.52,16181.01,15063.05,18.14,marrom,fina,revessa,ausente,distintos,"de aspecto fibroso atenuado, causado pelo contraste das linhas vasculares e do parênquima axial",57
112,204,Pouteria obscura,MARAGONÇALO,Pouteria,obscura,Sapotaceae,0.64,7.4,4.4,11.8,1.68,13.04,124.45,61.88,10042.04,7766.89,12.65,marrom,fina,direita e ondulada,ausente,indistintos,"pouco destacada, causada pelas linhas vasculares",6
113,209,Pouteria sp,ABIURANA,Pouteria,sp,Sapotaceae,,,,,,,,,,,,marrom,,,,,,
114,155,Zygia racemosa = Marmaroxylon racemosum,ANGELIM / ANGELIM-RAJADO,Zygia,racemosa,Mimosaceae,0.79,9.3,5.9,15.2,1.58,16.38,163.57,79.14,14886.53,14131.42,17.26,amarela,média,direita,ausente,distintos,"em faixas escuras, devido à diferença de cor e de aspecto fibroso acentuado, causado pelo destaque entre o parênquima axial, as linhas vasculares e as fibras",35
115,6,Amburana acreana,CEREJEIRA,Amburana,acreana,Fabaceae,0.47,5.4,2.92,8.22,1.85,8.63,76.98,68.16,5099.47,3912.86,10.4,amarela,grossa,direita,moderado,distintos,"de aspecto fibroso acentuado, causado pelo destaque do parênquima axial, das linhas vasculares e das fibras",73
116,7,Anacardium giganteum,CAJUAÇU,Anacardium,giganteum,Anacardiaceae,0.38,6.04,2.73,8.47,2.21,10.0,64.14,38.34,3667.7,2245.73,7.75,cinza,média,direita,acentuado,indistintos,"destacada, causada pelas linhas vasculares",21
117,19,Aspidosperma macrocarpon,PEROBA,Aspidosperma,macrocarpon,Apocynaceae,0.65,6.24,4.36,11.5,1.43,13.83,136.31,65.12,10571.6,8237.61,14.81,marrom,fina,revessa,ausente,pouco distintos,"em faixas longitudinais sinuosas e irregulares destacadas, causadas pelas camadas de crescimento e em linhas vasculares destacadas",45
118,288,Bowdichia nitida,SUCUPIRA,Bowdichia,nitida,Fabaceae,0.74,8.46,5.78,14.2,1.46,16.67,153.38,100.91,13513.6,12228.92,16.18,marrom,grossa,revessa,moderado,distintos,"de aspecto fibroso acentuado, causado pelo destaque do parênquima axial, das linhas vasculares e das fibras",42
119,52,Cariniana micrantha,TAUARI-VERMELHO,Cariniana,micrantha,Lecythidaceae,0.58,8.07,5.12,13.95,1.58,12.55,108.27,50.21,4579.72,4314.94,11.08,marrom,média,direita,moderado,pouco distintos,"em faixas longitudinais destacadas, causadas pelas camadas de crescimento",32
120,53,Caryocar glabrum,PEQUIARANA,Caryocar,glabrum,Caryocaraceae,0.61,8.74,3.98,11.85,2.2,13.83,79.04,58.64,8012.05,7305.97,14.42,amarela,média,revessa,ausente,indistintos,"de aspecto fibroso atenuado, causado pelo destaque do parênquima axial, das linhas vasculares e das fibras",91
121,59,Cedrela odorata,CEDRO,Cedrela,odorata,Meliaceae,0.39,12.1,9.06,20.82,1.34,9.71,75.32,52.47,7472.69,6109.56,6.86,rosa,média,direita,acentuado,distintos,"em forma de U, causada pelas camadas de crescimento",82
122,61,Cedrelinga cateniformis,CEDRORANA,Cedrelinga,cateniformis,Mimosaceae,0.45,8.0,4.05,11.61,1.98,11.18,88.75,72.37,4236.48,3500.98,9.71,cinza,média,direita,acentuado,pouco distintos a indistintos,"de aspecto fibroso acentuado, causado pelo destaque do parênquima axial, das linhas vasculares e das fibras",125
123,69,Copaifera sp,COPAÍBA,Copaifera,sp,Caesalpiniaceae,0.46,7.68,3.86,10.28,1.99,12.06,85.91,53.84,5933.04,3716.73,9.12,cinza,média,direita,moderado,pouco distintos a indistintos,"em forma de ´U`, causada pelas camadas de crescimento e em linhas vasculares destacadas",53
124,88,Diplotropis purpurea,SUCUPIRA,Diplotropis,purpurea,Fabaceae,0.74,8.8,6.69,15.55,1.32,16.38,143.47,94.24,9865.52,8296.45,16.28,marrom,média,revessa,ausente,distintos,"de aspecto fibroso acentuado, causado pelo destaque do parênquima axial, das linhas vasculares e das fibras",44
125,289,Dipteryx odorata,CUMARU,Dipteryx,odorata,Fabaceae,0.87,8.4,5.94,13.85,1.41,15.49,163.08,106.5,15053.25,14680.59,18.53,marrom,média,revessa,ausente,distintos,"destacada, causada pelas linhas vasculares",43
126,244,Handroanthus incanus = Tabebuia cf incana,IPÊ-AMARELO,Handroanthus,incanus,Bignoniaceae,0.82,8.35,5.85,13.3,1.43,16.48,173.58,103.36,,,15.49,vermelha,"em forma de ´U`, causada pelas camadas de crescimento",média,ausente,distintos, e em linhas vasculares destacadas,47
127,128,Hymenolobium pulcherrimum,ANGELIM-PEDRA,Hymenolobium,pulcherrimum,Fabaceae,0.6,9.02,5.36,14.0,1.68,12.45,112.58,62.66,6276.27,5364.25,12.36,rosa,grossa,revessa,ausente,distintos,"em forma de U, causada pelas camadas de crescimento, e de aspecto fibroso acentuado, causado pelo destaque do parênquima axial, das linhas vasculares e das fibras",21
128,152,Manilkara huberi,MAÇARANDUBA,Manilkara,huberi,Sapotaceae,0.87,9.31,7.1,16.38,1.31,17.06,176.23,108.76,14857.11,13552.82,16.77,marrom,fina,direita,ausente,distintos,"destacada, causada pelas linhas vasculares",122
129,189,Parkia pendula,ROXINHO,Parkia,pendula,Caesalpiniaceae,0.5,7.8,3.8,10.5,2.05,11.57,84.73,48.25,5344.64,4207.06,11.28,Roxa,grossa,direita a cruzada revessa,moderado,distintos,causada por linhas vasculares destacadas,36
130,218,Rauvolfia paraensis,GOGÓ-DE-GUARIBA,Rauvolfia,paraensis,Apocynaceae,0.55,8.97,4.65,13.32,1.93,12.55,111.31,57.17,,,13.34,marrom,fina,direita,moderado,indistintos,"em forma de ´U` e em faixas longitudinais pouco destacadas, causadas pelas camadas de crescimento",19
131,246,Tabebuia sp,IPÊ,Tabebuia,sp,Bignoniaceae,0.87,6.76,6.06,12.42,1.12,15.89,184.07,101.79,,,17.06,marrom,média,revessa,ausente,distintos,"destacada, causada pelas linhas vasculares",33
132,264,Vatairea sericea,ANGELIM-AMARGOSO,Vatairea,sericea,Fabaceae,0.73,9.0,6.02,15.0,1.5,14.71,131.02,80.32,11856.27,11385.55,14.02,marrom,grossa,revessa,ausente,pouco distintos,"de aspecto fibroso acentuado, causado pelo destaque do parênquima axial, das linhas vasculares e das fibras",39
133,266,Vataireopsis speciosa,FAVEIRA-AMARGOSA,Vataireopsis,speciosa,Fabaceae,0.62,6.43,3.03,9.93,2.12,11.57,101.69,53.05,4883.72,4638.56,8.73,marrom,grossa,revessa,ausente,pouco distintos,"de aspecto fibroso acentuado, causado pelo destaque do parênquima axial, das linhas vasculares e das fibras",51
134,2,Acioa edulis,CASTANHA-DE-CUTIA,Acioa,edulis,Chrysobalanaceae,0.82,10.28,8.04,17.49,1.28,16.28,150.63,81.0,10532.37,11993.56,15.49,marrom,média,revessa,ausente,distintos,"de aspecto fibroso acentuado, causado pelo destaque do parênquima axial, das linhas vasculares e das fibras",6
135,3,Acioa sp,ANOERÁ-FERRO,Acioa,sp,Chrysobalanaceae,0.79,9.66,5.31,15.13,1.82,14.61,140.14,74.24,13896.06,11934.72,16.67,marrom,média,revessa,ausente,distintos,"destacada, causada pelas linhas vasculares",
136,8,Anacardium occidentale = Anacardium microcarpum,CAJUAÇU,Anacardium,occidentale,Anacardiaceae,0.42,6.07,3.48,9.68,1.74,9.41,55.7,37.56,3795.18,2628.19,8.14,cinza,média,direita,ausente,indistintos,"destacada, causada pelas linhas vasculares",4
137,9,Anacardium parvifolium,CAJUAÇU,Anacardium,parvifolium,Anacardiaceae,0.44,5.37,3.31,8.64,1.62,10.59,72.08,34.62,4393.39,3255.82,9.02,cinza,média,revessa,ausente,indistintos,"destacada, causada pelas linhas vasculares",6
138,12,Anacardium parvifolium = Anacardium tenuifolium,CAJUÍ,Anacardium,parvifolium,Anacardiaceae,0.43,4.87,3.11,8.67,1.57,9.51,49.62,32.85,3814.8,2588.96,9.02,cinza,média,direita,ausente,indistintos,"destacada, causada pelas linhas vasculares",4
139,25,Anaueria brasiliensis = Beilschmiedia brasiliensis,LOURO,Anaueria,brasiliensis,Lauraceae,0.59,9.41,6.18,14.3,1.52,13.53,111.89,47.56,5629.03,5589.8,11.77,marrom,média,direira direita a revessa,moderado,pouco distintos,"em forma de ""U"" `U´, causada pelas camadas de crescimento   e em linhas vasculares pouco destacadas ",
140,14,Andira sp,ANGELIM-TINTO,Andira,sp,Fabaceae,0.67,9.54,2.22,14.27,4.3,16.08,122.09,66.0,9649.77,8845.62,14.81,marrom,grossa,revessa,ausente,distintos,"em forma de `U´, causada pelas camadas de crescimento   e de aspecto fibroso acentuado, causado pelo destaque do parênquima axial, das linhas vasculares e das fibras",
141,13,Andira surinamensis = Andira retusa,ANDIRA-UXI,Andira,surinamensis,Fabaceae,0.67,7.9,5.59,12.51,1.41,13.34,121.9,61.39,9659.57,7953.21,13.83,marrom,grossa,revessa,ausente,distintos,"em forma de `U´, causada pelas camadas de crescimento, e de aspecto fibroso acentuado, causado pelo destaque do parênquima axial, das linhas vasculares e das fibras",
142,39,Brosimum sp,GARROTE,Brosimum,sp,Moraceae,0.47,6.01,4.3,0.73,1.4,11.67,93.26,51.48,7158.87,4775.85,12.36,marrom,fina,direita,moderado,indistintos,"em forma de ""U"" `U´, causada pelas camadas de crescimento   e em linhas vasculares pouco destacadas",
143,40,Brosimum utile,JANITÁ / GARROTE,Brosimum,utile,Moraceae,0.47,7.69,4.83,12.0,1.59,11.38,75.9,46.09,5756.52,4207.06,9.9,amarela,média,revessa,moderado,indistintos,"destacada, causada pelas linhas vasculares",
144,46,Buchenavia cf viridiflora,TANIBOCA,Buchenavia,cf,Combretaceae,0.67,9.34,5.65,11.18,1.65,13.04,117.97,66.1,13748.96,9747.83,17.16,marrom,média,ondulada,moderado,pouco distintos,"destacada, causada pelas linhas vasculares",
145,42,Buchenavia grandis,CUIARANA,Buchenavia,grandis,Combretaceae,0.72,7.41,4.7,12.21,1.58,10.49,95.71,68.35,13258.62,10728.5,16.28,marrom,média,revessa,ausente,pouco distintos a indistintos,"destacada, causada pelas linhas vasculares",
146,292,Buchenavia sp,TANIMBUCA,Buchenavia,sp,Combretaceae,0.72,7.37,3.9,12.73,1.89,14.02,136.21,72.96,15435.71,12581.96,15.79,marrom,média,ondulada e irregular,ausente,pouco distintos a indistintos,"em faixas longitudinais destacadas, causadas pelas camadas de crescimento   e em linhas vasculares destacadas",8
147,48,Caraipa densifolia,CAMAÇARI,Caraipa,densifolia,Guttiferae,0.61,9.37,5.61,15.46,1.67,13.53,118.17,62.37,9071.17,6707.77,14.32,marrom,média,direita e irregular,ausente,indistintos,"destacada, causada pelas linhas vasculares",4
148,63,Chrysophyllum prieurii,MAÇARANDUBARANA,Chrysophyllum,prieurii,Sapotaceae,0.0,13.03,7.73,20.26,1.69,17.16,173.97,74.53,11885.69,12121.05,19.61,marrom,média,ondulada,moderado,indistintos,"pouco destacada, causada pelas linhas vasculares",
149,293,Clarisia racemosa,GUARIÚBA,Clarisia,racemosa,Moraceae,0.56,7.07,3.72,9.61,1.9,11.96,106.21,57.57,7757.08,6158.59,10.98,amarela,média,revessa,moderado,distintos,"em forma de `U´ e em faixas longitudinais destacadas, causadas pelo parênquima axial",9
150,67,Copaifera multijuga,COPAÍBA,Copaifera,multijuga,Caesalpiniaceae,0.5,6.67,3.63,11.35,1.84,11.87,85.12,49.82,6707.77,4746.43,11.47,marrom,média,direita,moderado,distintos,"em faixas longitudinais destacadas, causadas pelas camadas de crescimento   e em linhas vasculares destacadas ",6
151,70,Copaifera sp,COPAÍBA,Copaifera,sp,Caesalpiniaceae,0.56,7.54,4.93,12.69,1.53,11.57,91.59,60.21,7178.49,5658.45,11.28,marrom,média,direita,moderado,distintos,"em faixas longitudinais destacadas, causadas pelas camadas de crescimento   e em linhas vasculares destacadas",
152,81,Dacryodes sp,BREU-BRANCO,Dacryodes,sp,Burseraceae,0.51,6.54,4.45,11.59,1.47,14.02,99.64,46.09,6197.82,4216.87,13.34,rosa,média,revessa,moderado,distintos,"em faixas longitudinais pouco destacadas, causadas pelas camadas de crescimento",23
153,294,Dialium guianense,JATAIPEBA,Dialium,guianense,Caesalpiniaceae,0.85,9.24,4.99,13.67,1.85,15.2,150.83,81.69,16887.09,16347.73,18.24,marrom,fina,direita,ausente,distintos,em linhas vasculares destacadas,6
154,85,Dicorynia paraensis,ANGÉLICA,Dicorynia,paraensis,Caesalpiniaceae,0.45,7.22,3.55,11.48,2.03,8.92,73.35,44.42,5962.46,4207.06,10.49,marrom,grossa,revessa,ausente,distintos,"de aspecto fibroso acentuado, causado pelo destaque do parênquima axial, das linhas vasculares e das fibras",27
155,99,Eschweilera coriacea,MATAMATÁ,Eschweilera,coriacea,Lecythidaceae,0.73,9.65,5.63,16.04,1.71,15.3,137.39,67.96,12160.28,11140.38,14.32,marrom,média,direita,ausente,indistintos,"destacada, causada pelas linhas vasculares   e em pequenas ondulações, causadas pelo parênquima axial",
156,299,Eschweilera coriacea = Eschweilera odora,MATAMATÁ,Eschweilera,coriacea,Lecythidaceae,0.69,10.55,4.32,14.91,2.44,13.83,124.64,58.64,9443.83,10806.96,12.36,marrom,média,direita,ausente,pouco distintos,"destacada, causada pelas linhas vasculares",
157,100,Eschweilera grandiflora = Eschweilera cf fracta,MATAMATÁ,Eschweilera,grandiflora,Lecythidaceae,0.76,8.02,4.6,14.88,1.74,14.51,136.02,67.27,8659.29,8875.04,12.65,marrom,média,direita,ausente,pouco distintos,"em pequenas ondulações, causadas pelo parênquima axial",6
158,101,Eschweilera pedicellata = Eschweilera longipes,MATAMATÁ,Eschweilera,pedicellata,Lecythidaceae,0.69,9.63,5.6,14.54,1.72,15.79,134.06,66.69,11581.68,10718.7,17.75,marrom,média,direita,ausente,pouco distintos a indistintos,"em forma de `U´, causada pelas camadas de crescimento   e em pequenas ondulações, causadas pelo parênquima axial",
159,102,Eschweilera sp,MATAMATÁ,Eschweilera,sp,Lecythidaceae,0.62,7.6,3.55,10.48,2.14,14.91,127.09,63.94,8835.81,8365.09,11.67,marrom,média,direita,ausente,pouco distintos,"pouco destacada, causada pelas linhas vasculares   e em pequenas ondulações, causadas pelo parênquima axial",
160,562,Goupia glabra,CUPIÚBA,Goupia,glabra,Goupiaceae,0.71,8.86,4.98,13.12,1.78,12.75,116.11,64.92,11287.48,9551.7,15.2,marrom,média,revessa,ausente,pouco distintos,"destacada, causada pelas linhas vasculares",34
161,305,Guatteria olivacea,EMBIRA-preta,Guatteria,olivacea,Annonaceae,0.47,7.84,4.13,13.17,1.9,10.59,90.22,42.27,4785.66,3098.91,8.04,cinza,média,direita,acentuado,indistintos,"em faixas longitudinais destacadas, causadas pelas camadas de crescimento   e em linhas vasculares destacadas",
162,126,Hymenolobium nitidum,ANGELIM-PEDRA,Hymenolobium,nitidum,Fabaceae,0.55,7.15,4.31,11.81,1.66,11.57,94.34,52.47,7256.94,5589.8,12.45,marrom,grossa,revessa,ausente,distintos,"de aspecto fibroso acentuado, causado pelo destaque do parênquima axial, das linhas vasculares e das fibras",63
163,139,Licania gracilipes,CARAIPERANA,Licania,gracilipes,Chrysobalanaceae,0.82,12.5,5.5,18.05,2.27,16.18,158.48,84.44,14808.08,14651.17,15.79,marrom,média,direita a revessa,ausente,indistintos,"de aspecto fibroso acentuado, causado pelo destaque do parênquima axial, das linhas vasculares e das fibras   e em faixas escuras, causadas pela diferença de cor",9
164,140,Licania oblongifolia,MACUCU-BRANCO,Licania,oblongifolia,Chrysobalanaceae,0.83,11.67,5.91,19.59,1.97,15.1,133.96,75.12,15386.67,14023.55,18.63,marrom,média,revessa,ausente,pouco distintos a indistintos,"em pequenas ondulações, causadas pelo parênquima axial   em linhas vasculares destacadas   e em faixas escuras, causadas pela diferença de cor",6
165,146,Macrolobium acacifolium,ARAPARI,Macrolobium,acacifolium,Caesalpiniaceae,0.54,6.38,2.89,10.02,2.21,8.92,79.43,42.76,6570.47,5128.89,10.3,marrom,média,direita e irregular,moderado,distintos,"em forma de `U´ e em faixas longitudinais destacadas, causadas pelas camadas de crescimento   e em linhas vasculares destacadas",165
166,147,Macrolobium sp,ARARAPARI,Macrolobium,sp,Caesalpiniaceae,0.53,8.76,3.69,11.89,2.37,9.9,82.47,44.52,7364.81,5374.06,12.94,marrom,média,irregular,ausente,distintos,"em faixas longitudinais destacadas, causadas pelas camadas de crescimento   e em linhas vasculares destacadas",11
167,159,Micrandra minor,CAUCHORANA,Micrandra,minor,Euphorbiaceae,0.41,7.39,2.48,9.77,2.98,9.81,73.45,37.85,4550.3,3128.33,10.3,marrom,média,direita,moderado,indistintos,"em forma de `U´, causada pelas camadas de crescimento   em linhas vasculares pouco destacadas   e em pequenas ondulações, causadas pelo parênquima axial",
168,160,Micrandra rossiana,SERINGARANA,Micrandra,rossiana,Euphorbiaceae,0.67,9.04,5.17,13.82,1.75,14.42,128.17,67.27,11130.58,8561.23,15.0,marrom,fina,direita,ausente,distintos,"pouco destacada, causada pelas linhas vasculares",5
169,161,Micropholis guyanensis,ABIURANA-MANGABARANA,Micropholis,guyanensis,Sapotaceae,0.67,11.16,6.64,16.64,1.68,14.91,130.33,74.63,9179.05,7923.79,11.18,marrom,fina,direita,moderado,indistintos,"pouco destacada, causada pelas linhas vascularespouco destacada, causada pelas linhas vasculares e pelo contraste dos raios",
170,286,Micropholis mensalis,ABIURANA-branca,Micropholis,mensalis,Sapotaceae,0.6,9.64,5.22,14.67,1.85,13.44,120.13,57.76,9590.93,7139.26,13.44,marrom,fina,direita e ondulada,moderado,indistintos,"em faixas longitudinais pouco destacadas, causadas pelas camadas de crescimento   e em linhas vasculares pouco destacadas",4
171,563,Nectandra cuspidata,CANELA/LOURO-TAMANCO,Nectandra,cuspidata,Lauraceae,0.4,6.02,4.04,9.13,1.49,8.53,66.1,37.66,,,8.53,cinza,média,revessa,acentuado,pouco distintos a indistintos,"destacada, causada pelas linhas vasculares",4
172,564,Ocotea aciphylla = Ocotea costulata,ABACATIRANA,Ocotea,aciphylla,Lauraceae,0.5,6.59,3.94,11.56,1.67,9.9,90.81,51.68,5540.77,4560.1,10.98,marrom,média,revessa,acentuado,pouco distintos a distintos,"pouco destacada, causada pelas linhas vasculares",6
173,565,Ocotea fragrantissima,LOURO-PRETO,Ocotea,fragrantissima,Lauraceae,0.48,5.72,2.98,10.12,1.92,10.0,91.59,47.17,4795.46,4726.82,12.16,amarela,média,revessa,acentuado,pouco distintos,"destacada, causadas pelas linhas vasculares",
174,566,Ocotea sp,LOURO,Ocotea,sp,Lauraceae,0.42,7.48,4.06,9.81,1.84,9.61,77.28,45.4,,,8.83,amarela,média,revessa,acentuado,distintos,"destacada, causada pelas linhas vasculares",25
175,567,Ormosia coccinea,TENTO,Ormosia,coccinea,Fabaceae,0.58,6.66,3.94,10.9,1.69,9.9,94.63,50.01,7492.3,6129.17,12.26,marrom,grossa,revessa,ausente,distintos,"de aspecto fibroso acentuado, causado pelo destaque do parênquima axial, das linhas vasculares e das fibras",5
176,568,Ormosia paraensis,TENTO,Ormosia,paraensis,Fabaceae,0.65,8.6,4.84,13.83,1.78,10.2,81.3,44.42,8159.15,6805.83,12.45,marrom,grossa,revessa,moderado,distintos,"de aspecto fibroso acentuado, causado pelo destaque do parênquima axial, das linhas vasculares e das fibras",
177,569,Osteophloeum platyspermum,UCUUBARANA,Osteophloeum,platyspermum,Myristicaceae,0.46,9.43,5.27,14.5,1.79,11.87,78.75,43.74,4854.3,3834.41,10.2,marrom,média,direita,acentuado,distintos,"em faixas longitudinais pouco destacadas, causadas pelas camadas de crescimento   e em linhas vasculares pouco destacadas",35
178,570,Parkia gigantocarpa,FAVA-BOLOTA / VISGUEIRO,Parkia,gigantocarpa,Mimosaceae,0.26,5.8,2.18,8.76,2.66,8.83,30.6,22.16,2373.22,2059.4,6.28,branca,média,,acentuado,indistintos,"destacada, causada pelas linhas vasculares   e em faixas longitudinais destacadas, causadas pela diferença de cor",16
179,187,Parkia nitida = Parkia oppositifolia,FAVEIRA,Parkia,nitida,Mimosaceae,0.31,5.33,2.67,8.7,2.0,6.96,29.71,29.91,2991.04,2667.42,9.51,branca,média,direita a revessa,acentuado,pouco distintos a indistintos,"destacada, causada pelas linhas vasculares   e em faixas  longitudinais destacadas, causadas pela diferença de cor",
180,190,Parkia pendula,FAVEIRA,Parkia,pendula,Mimosaceae,0.51,7.2,2.5,10.0,2.88,10.79,92.08,47.95,5236.76,4265.9,9.71,branca,média,direita,médio,distintos,linhas coloridas mais escuras na superfície radial,75
181,199,Pouteria anomala,ABIURANA,Pouteria,anomala,Sapotaceae,0.73,9.1,5.7,14.4,1.6,15.98,161.71,83.75,12552.54,10551.98,14.22,marrom,fina,direita,ausente ,pouco distintos,"pouco destacada em linhas longitudinais, causadas pelas camadas de crescimento",27
182,221,Pouteria egregia,ABIURANA,Pouteria,egregia,Sapotaceae,0.84,11.2,6.8,15.7,1.65,17.55,171.81,88.95,14523.69,13121.33,19.02,marrom,média a fina,cruzada irregular a direita,ausente,pouco distinto a indistintos,causada por linha vasculares destacadas,2
183,208,Pouteria sp,ABIURANA,Pouteria,sp,Sapotaceae,0.72,9.7,5.9,15.2,1.64,16.87,155.24,78.85,12013.18,10757.92,13.14,marrom,fina,direita,ausente,pouco distintos a indistintos,"pouco destacada em linhas longitudinais, causadas pelas camadas de crescimento",5
184,213,Pterocarpus sp,EMBIRA-DE-PREGUIÇA,Pterocarpus,sp,Fabaceae,0.72,7.1,4.9,11.3,1.45,13.14,126.02,68.35,7188.29,7698.24,12.36,marrom,média,cruzada irregular,médio,pouco distinto,linhas (radial),4
185,225,Schizolobium parahyba = Schizolobium amazonicum,PINHO-CUIABANO,Schizolobium,parahyba,Caesalpiniaceae,0.49,5.12,4.3,11.1,1.19,,,33.44,4481.65,2608.58,10.79,marrom,média,ondulada,acentuado,indistintos,"destacada, causada pelas linhas vasculares",
186,232,Sloanea nitida,URUCURANA,Sloanea,nitida,Elaeocarpaceae,0.9,11.22,5.28,18.58,2.13,17.75,171.52,95.52,16534.05,18044.28,16.08,marrom,média,direita,ausente,pouco distintos a indistintos,"pouco destacada, causada pelas linhas vasculares",
187,233,Sloanea sp,URUCURANA,Sloanea,sp,Elaeocarpaceae,0.72,8.71,5.62,15.51,1.55,15.98,149.94,76.79,18622.88,18711.14,22.36,branca,média,direita,ausente,pouco distintos a indistintos,"pouco destacada, causada pelas linhas vasculares",
188,241,Swartzia recurva,URUCURANA,Swartzia,recurva,Fabaceae,0.77,8.51,6.21,15.04,1.37,16.67,154.06,73.06,12572.16,10983.48,17.06,marrom,média,direita,moderado,indistintos,"em faixas longitudinais pouco destacadas, causadas pelas camadas de crescimento   e em linhas vasculares pouco destacadas",
189,247,Tachigali cavipes,TAXI-BRANCO,Tachigali,cavipes,Caesalpiniaceae,0.4,6.3,4.56,9.66,1.38,10.2,82.28,44.42,4520.88,3638.28,8.63,cinza,média,revessa,acentuado,pouco distintos,"em faixas longitudinais destacadas, causadas pelas camadas de crescimento   e em linhas vasculares destacadas",
190,248,Tachigali multijuga,TAXI-PRETO / ZIQUITA,Tachigali,multijuga,Caesalpiniaceae,0.57,7.42,4.23,12.76,1.75,,97.97,59.92,5834.97,5187.73,11.47,marrom,média,revessa e ondulada,acentuado,distintos,"em faixas longitudinais destacadas, causadas pelas camadas de crescimento   e em linhas vasculares destacadas",
191,252,Tachigali sp,PAU-PONGA,Tachigali,sp,Caesalpiniaceae,0.48,6.97,4.06,11.89,1.72,10.59,95.42,46.97,6609.7,4530.68,11.87,marrom,média,revessa,acentuado,pouco distintos,"em faixas longitudinais destacadas, causadas pelas camadas de crescimento   e em linhas vasculares destacadas",
192,151,Vatairea guianensis,FAVEIRA-AMARGOSA,Vatairea,guianensis,Fabaceae,0.64,9.72,4.8,14.8,2.03,13.34,110.72,57.37,7355.01,6815.64,10.0,marrom,grossa,direita a revessa,moderado,distintos,"de aspecto fibroso acentuado, causado pelo destaque do parênquima axial, das linhas vasculares e das fibras",9
193,269,Virola multicostata,UCUÚBA / VIROLA,Virola,multicostata,Myristicaceae,,8.36,2.57,,3.25,10.0,56.88,37.95,3196.98,2206.5,6.37,marrom,fina a média,direita,moderado,indistintos,"em forma de `U´ e em faixas longitudinais destacadas, causadas pelas camadas de crescimento   e em linhas vasculares destacadas",
194,270,Virola surinamensis,VIROLA / UCUÚBA-CHEIrosa,Virola,surinamensis,Myristicaceae,0.35,8.58,3.24,11.96,2.65,8.53,57.76,35.5,4020.74,2775.29,8.63,marrom,fina a média,direita,moderado,indistintos,"em forma de `U´ e em faixas longitudinais destacadas, causadas pelas camadas de crescimento   e em linhas vasculares destacadas",
195,267,Virola surinamensis = Virola carinata,UCUÚBA-DA-MATA,Virola,surinamensis,Myristicaceae,0.38,9.61,4.46,13.88,2.15,10.0,62.08,39.42,,,5.59,marrom,fina a média,direita,moderado,distintos,"em forma de `U´ e em faixas longitudinais destacadas, causadas pelas camadas de crescimento   e em linhas vasculares destacadas",36
196,182,Parahancornia fasciculata = Parahancornia amapa,AMAPA AMARGOSO,Parahancornia,fasciculata,Apocynaceae,0.46,6.8,3.7,10.7,1.84,11.08,89.04,45.9,5295.6,3510.79,9.61,branca,fina,revessa,ausente,indistintos,"pouco destacada, causada pelas linhas vasculares",6
197,284,Alexa grandiflora,MELANCIEIRA  ,Alexa,grandiflora,Fabaceae,0.6,9.9,4.7,14.5,2.11,13.04,109.25,58.25,7531.53,6335.11,11.96,amarela,média a grossa,cruzada ondulada,,indistintos,ausente,21
198,11,Anacardium spruceanum,CAJUAÇU,Anacardium,spruceanum,Anacardiaceae,0.42,6.0,2.9,9.4,2.07,9.81,64.14,36.48,3824.6,2490.9,6.77,branca,média,cruzada revessa,fraco,indistintos,ausente,145
199,16,Apeiba echinata,PAU-DE-JANGADA,Apeiba,echinata,Tiliaceae,0.36,6.5,2.3,9.3,2.83,6.67,52.86,31.77,3824.6,2481.09,6.18,branca,média a grossa,direita,fraco,indistintos,ausente,3
200,26,Bertholletia excelsa,CASTANHEIRA,Bertholletia,excelsa,Lecythidaceae,0.63,9.4,4.7,13.2,2.0,12.55,116.01,58.35,8070.89,6541.05,11.47,marrom,média,direita,médio,pouco distintos,forma de V,215
201,27,Bixa arborea,URUCU-DA-MATA,Bixa,arborea,Bixaceae,0.32,6.0,2.6,9.1,2.31,7.55,54.43,35.79,3883.44,1941.72,6.28,rosa,média,direita,,indistintos," Figura radial em linhas, quando presentes anéis de crescimento",3
202,34,Brosimum parinarioides,AMAPÁ-DOCE,Brosimum,parinarioides,Moraceae,0.57,7.7,4.5,12.6,1.71,11.28,102.28,56.98,7198.1,5560.38,10.0,marrom,média,cruzada revessa,,distinto na base da árvore - marrom-pálido,ausente,3
203,35,Brosimum potabile,AMAPÁ-DOCE,Brosimum,potabile,Moraceae,0.53,6.8,4.1,11.9,1.66,10.79,97.18,55.02,7247.13,5266.18,10.2,vermelha,média,cruzada revessa,,distintos,ausente,25
204,36,Brosimum rubescens,CONDURU / PAU-VERMELHO,Brosimum,rubescens,Moraceae,0.73,7.8,5.3,13.2,1.47,14.61,136.7,71.29,10493.14,9002.53,13.44,vermelha,média,cruzada revessa,,distintos,ausente,165
205,43,Buchenavia grandis = Buchenavia huberi,CUIARANA,Buchenavia,grandis,Combretaceae,0.79,9.1,6.0,14.7,1.52,15.3,154.95,83.65,13317.46,11630.72,16.38,marrom,direita, irregulares,fraco,pouco distintos,média a fina,7
206,51,Carapa guianensis,ANDIROBA,Carapa,guianensis,Meliaceae,0.59,8.1,4.4,12.6,1.84,11.77,107.19,59.72,8247.41,6276.27,10.89,marrom,média,direita a cruzada revessa,,distintos,ausente,35
207,62,Ceiba pentandra,SUMAÚMA,Ceiba,pentandra,Bombacaceae,0.29,5.5,2.7,9.3,2.04,4.41,39.13,23.73,2314.38,1510.23,3.73,branca,média a grossa,direita a cruzada irregular,fraco,indistintos,ausente,25
208,66,Copaifera duckei,COPAÍBA,Copaifera,duckei,Caesalpiniaceae,0.62,8.2,4.1,12.5,2.0,12.06,115.62,58.84,8502.39,6511.63,11.96,marrom,média,direita,médio,distintos,em linhas,6
209,68,Copaifera reticulata,COPAÍBA,Copaifera,reticulata,Caesalpiniaceae,0.62,8.2,4.1,12.5,2.0,12.06,115.62,58.84,8502.39,6511.63,11.96,marrom,média,direita,médio,distintos,em linhas,6
210,72,Cordia bicolor,FREIJÓ,Cordia,bicolor,Boraginaceae,0.49,11.7,6.3,18.0,1.86,11.87,81.3,49.92,5619.22,4285.52,7.65,marrom,média,direita,fraco,indistintos,em linhas,7
211,73,Cordia goeldiana,FREIJÓ,Cordia,goeldiana,Boraginaceae,0.48,6.6,4.1,10.6,1.61,10.2,91.4,50.7,5962.46,4432.62,8.34,marrom,média,direita a cruzada revessa,fraco,distintos,"linhas (radial), formato de chamas (tangencial)",15
212,74,Cordia sagotii,FREIJÓ,Cordia,sagotii,Boraginaceae,0.5,7.7,3.8,11.3,2.03,9.81,86.4,47.86,5148.5,3922.67,7.55,marrom,média,direita,fraco,distintos,"linhas (radial), forma de V ou chama (tangencial)",
213,77,Couratari guianensis,TAUARI,Couratari,guianensis,Lecythidaceae,0.52,6.1,3.6,10.4,1.69,11.47,104.05,53.94,6521.44,5060.24,10.2,amarela,média,direita,fraco,indistintos,ausente,3
214,117,Couratari oblongifolia,TAUARI,Couratari,oblongifolia,Lecythidaceae,0.49,6.1,3.6,10.4,1.69,10.59,88.75,46.78,5315.22,3726.54,8.53,amarela,média,direita,fraco,indistintos,ausente,35
215,80,Couratari stellata,TAUARI,Couratari,stellata,Lecythidaceae,0.65,7.8,5.8,13.4,1.34,14.32,134.06,69.14,8776.97,6962.74,12.85,marrom,média,direita,fraco,indistintos,"linhas (radial), forma de V (tangencial)",4
216,84,Diclinanona calycina,EMBIRA-preta,Diclinanona,calycina,Annonaceae,0.47,10.1,3.2,13.6,3.16,11.08,93.56,48.84,5060.24,3952.09,7.45,cinza,média,direita,forte,indistintos,forma de V (tangencial),85
217,94,Enterolobium maximum,TAMBORIL,Enterolobium,maximum,Mimosaceae,0.42,4.6,2.3,6.8,2.0,9.22,81.98,42.56,4942.56,3324.46,7.65,marrom,média,cruzada revessa,médio,distintos,ausente,45
218,96,Eriotheca longipedicellata,SUMAÚMA-DA-TERRA-FIRME,Eriotheca,longipedicellata,bombacaceae,0.45,9.8,4.5,14.9,2.18,10.4,87.77,47.66,6178.21,4599.33,8.14,marrom,média,direita a cruzada revessa,fraco,indistintos,"linhas (radial), forma de V (tangencial)",55
219,98,Erisma uncinatum,CEDRINHO,Erisma,uncinatum,Vochysiaceae,0.48,8.7,3.6,12.9,2.42,10.4,86.1,51.48,5619.22,3912.86,8.73,marrom,média,direita,fraco,distintos,ausente,55
220,132,Iryanthera grandis,UCUUBARANA,Iryanthera,grandis,Myristicaceae,0.63,8.7,5.4,13.5,1.61,12.45,106.4,59.72,5177.92,5315.22,9.61,marrom,média a fina,direita,médio,distintos,forma de V (tangencial),12
221,133,Jacaranda copaia,CAROBA / PARAPARÁ,Jacaranda,copaia,Bignoniaceae,0.31,8.2,5.4,13.9,1.52,8.73,55.11,30.69,3295.04,1882.88,5.98,branca,média,direita,fraco,indistintos,ausente,3
222,134,Joannesia heveoides,CASTANHA-DE-ARARA,Joannesia,heveoides,Euphorbiaceae,0.39,6.1,2.8,9.8,2.18,8.24,63.65,34.42,3844.22,2588.96,5.88,branca,média a grossa,direita,fraco,indistintos,ausente,3
223,135,Laetia procera,PAU-JACARÉ,Laetia,procera,Flacourtiaceae,0.68,11.3,5.4,17.2,2.09,15.3,127.09,64.72,10708.89,8551.42,13.14,amarela,média a fina,direita a cruzada ondulada,fraco,indistintos,ausente,45
224,144,Lueheopsis duckeana,AÇOITA-CAVALO,Lueheopsis,duckeana,Tiliaceae,0.64,9.3,4.7,13.7,1.98,13.53,124.64,59.82,9541.89,8012.05,11.77,marrom,média a fina,cruzada revessa,fraco,indistintos,ausente,25
225,154,Maquira sclerophylla,MUIRATINGA,Maquira,sclerophylla,Moraceae,0.57,9.4,4.2,13.7,2.24,11.28,110.72,60.61,8257.22,6178.21,11.96,branca,média,direita a cruzada revessa,fraco,indistintos,ausente,2
226,157,Mezilaurus itauba,ITAÚBA / ITAÚBA-vermelha,Mezilaurus,itauba,Lauraceae,0.7,7.9,2.6,10.5,3.04,12.06,112.19,57.17,5393.67,5795.74,10.1,oliva,média a fina,direita a cruzada ondulada,fraco,distintos,ausente,23
227,158,Mezilaurus lindaviana,ITAÚBA,Mezilaurus,lindaviana,Lauraceae,0.68,8.3,3.3,11.6,2.52,12.55,114.74,56.19,4432.62,4413.0,8.43,marrom,média a fina,direita a cruzada ondulada,fraco,distintos,ausente,185
228,176,Onychopetalum amazonicum,ENBIRA-preta,Onychopetalum,amazonicum,Annonaceae,0.64,8.7,3.9,12.7,2.23,13.73,124.05,69.63,8061.09,6815.64,10.2,amarela,média,direita,fraco,indistintos,linhas (radial),9
229,185,Parkia multijuga,FAVEIRA,Parkia,multijuga,Mimosaceae,0.38,7.0,2.9,9.8,2.41,8.63,60.61,36.97,4010.93,2971.42,8.04,branca,média,direita a cruzada revessa,médio,indistintos,ausente,25
230,193,Peltogyne cf subsessilis,ANGICO,Peltogyne,cf,Mimosaceae,0.79,8.67,4.96,13.36,1.75,15.69,158.38,118.37,12768.29,13082.1,15.49,marrom,média,direita,ausente,distintos,"destacada, causada pelas linhas vasculares",66
231,210,Protium heptaphyllum,BREU,Protium,heptaphyllum,Burseraceae,0.55,8.4,4.1,12.6,2.05,9.81,85.12,48.05,4452.23,3903.06,9.81,marrom,média a fina,direita,forte,pouco distintos,ausente,5
232,195,Pseudopiptadenia suaveolens =Piptadenia suaveolens,TIMBORANA,Pseudopiptadenia,suaveolens,Mimosaceae,0.76,8.3,5.1,13.1,1.63,15.4,146.9,78.26,8806.39,9600.73,15.89,marrom,média,cruzada irregular,moderado,pouco distintos a indistintos,em linhas vasculares e faixas causadas por destaque de anéis de crescimento,42
233,216,Qualea gracilior = Qualea cf lancifolia,MANDIOQUEIRA,Qualea,gracilior,Vochysiaceae,0.58,8.1,3.1,11.5,2.61,12.55,107.58,58.84,5746.71,4766.04,10.3,amarela,média,direita a cruzada ondulada,fraco,,em forma de V ,4
234,167,Sextonia rubra = Nectandra rubra,LOURO-VERMELHO,Sextonia,rubra,Lauraceae,0.55,7.9,3.2,11.2,2.47,10.69,77.86,49.92,3353.88,3363.69,7.35,branca,média,direita a cruzada revessa,fraco,indistintos,ausente,105
235,230,Simarouba amara,MARUPÁ,Simarouba,amara,Simaroubaceae,0.38,5.9,2.6,8.8,2.27,8.04,65.12,34.52,4305.13,2618.38,6.96,branca,média,direita,fraco,indistintos,ausente,5
236,237,Sterculia excelsa = Sterculia pilosa,XIXÁ,Sterculia,excelsa,Sterculiaceae,0.53,11.0,4.8,15.9,2.29,11.77,97.09,50.8,6207.63,5070.05,9.22,cinza,média a grossa,direita,médio,pouco distintos,ausente,3
237,239,Sterculia excelsa = Sterculia speciosa,AXIXÁ,Sterculia,excelsa,Sterculiaceae,0.53,11.0,4.8,15.9,2.29,11.77,97.09,50.8,6207.63,5070.05,9.22,cinza,média a grossa,direita,médio,pouco distintos,ausente,3
238,250,Tachigali glauca = Tachigali myrmecophila,TAXI,Tachigali,glauca,Caesalpiniaceae,0.56,7.3,4.1,11.1,1.78,10.98,104.93,56.68,7472.69,5511.35,11.96,amarela,média,cruzada irregular,forte,indistintos,linhas (radial),14
239,253,Tapirira guianensis,TATAPIRIRICA,Tapirira,guianensis,Anacardiaceae,0.5,8.3,3.6,11.5,2.31,10.89,83.06,45.31,5344.64,3961.9,10.69,rosa,média a fina,direita,fraco,indistintos,ausente,65
240,254,Terminalia amazonia,TANIMBUCA,Terminalia,amazonia,Combretaceae,0.8,7.8,5.2,12.8,1.5,14.02,146.02,77.96,11434.58,9943.97,13.93,marrom,média,cruzada ondulada,médio,pouco distintos,ausente,7
241,287,Trattinnickia burserifolia,AMESCLA,Trattinnickia,burserifolia,Burseraceae,0.44,7.2,5.1,11.8,1.41,9.61,76.3,44.13,4609.14,3098.91,8.24,marrom,média,cruzada irregular,médio,pouco distintos,linhas (radial),7
242,268,Virola michelii,VIROLA,Virola,michelii,Myristicaceae,0.5,9.9,4.7,14.8,2.11,11.87,95.32,51.19,6580.28,4628.75,9.9,marrom,média a fina,direita,médio,indistintos,"linhas estreitas (radial ), forma de V ou chama (tangencial )",2
243,274,Vochysia maxima,QUARUBA,Vochysia,maxima,Vochysiaceae,0.46,9.1,3.3,13.0,2.76,9.41,81.69,44.72,5383.86,3961.9,7.85,rosa,média a grossa,cruzada revessa,fraco,pouco distintos,ausente,5
244,148,Albizia pedicellaris = Macrosamanea pedicellaris,INGA-DE-PORCO,Albizia,pedicellaris,Mimosaceae,0.49,7.6,4.3,11.0,1.77,11.67,97.28,50.01,4746.43,4246.29,11.96,rosa,média,revessa,ausente,distintos,"pouco destacada, causada pelas linhas vasculares e em faixas longitudinais, devido às camadas de crescimento",63
245,17,Apuleia leiocarpa = Apuleia molaris,GARAPA,Apuleia,leiocarpa,Fabaceae,0.75,10.1,6.5,15.9,1.55,12.65,124.74,63.15,7305.97,8286.64,12.85,amarela,média,revessa,moderado,distintos,"em forma de V, causada pelas camadas de crescimento e em linhas horizontais onduladas e descontínuas, de cor mais clara que o restante da madeira, causadas pelo parênquima axial",3
246,41,Buchenavia tetraphylla = Buchenavia capitata,TANIMBUCA,Buchenavia,tetraphylla,Combretaceae,0.7,11.6,5.9,16.7,1.97,12.45,107.68,59.33,11110.96,7296.17,11.38,marrom,média,revessa,ausente,pouco distintos,"em forma de V, causada pelas camadas de crescimento",
247,55,Caryocar villosum,PEQUIÁ,Caryocar,villosum,Caryocaraceae,0.63,8.5,4.3,12.6,1.98,11.18,99.83,46.48,4864.11,5040.63,12.16,marrom,média,revessa,ausente,distintos,"de aspecto fibroso, causado pelas linhas vasculares pouco destacadas",335
248,58,Castilla ulei,CAUCHO,Castilla,ulei,Moraceae,0.39,10.5,6.2,16.1,1.69,8.92,55.8,36.77,2716.45,1392.55,5.88,branca,média,revessa,moderado,indistintos,"pouco destacada, causada pelas linhas vasculares",4
249,113,Ficus insipida,FIGUEIRA / GAMELEIRA,Ficus,insipida,Moraceae,0.36,9.7,5.0,14.1,1.94,7.94,61.59,37.66,2079.02,1196.41,6.47,branca,média,revessa,moderado,indistintos,"causada pelas linhas vasculares pouco destacadas e em forma de V, devido ao parênquima axial",55
250,145,Maclura tinctoria,AMORA / AMOREIRA,Maclura,tinctoria,Moraceae,0.73,5.9,3.2,9.4,1.84,12.65,153.47,86.1,11414.97,10610.82,15.59,amarela,média,revessa,acentuado,distintos,"em forma de 'U', causada pelas camadas de crescimento e em linhas horizontais onduladas e descontínuas, de cor mais clara que o restante da madeira, devido ao parênquima axial",
251,217,Qualea dinizii,MANDIOQUEIRA-ESCAMOSA,Qualea,dinizii,Vochysiaceae,,,,,,,,,,,,cinza,,,,,,
252,222,Sapium glandulosum = Sapium aereum,LEITEIRO,Sapium,glandulosum,Euphorbiaceae,0.4,7.8,4.2,12.1,1.86,9.9,70.02,43.44,2726.26,1686.75,6.86,branca,média,direita,ausente,indistintos,"causada pelas linhas vasculares  podem ocorrer manchas acinzentadas, causadas pelo ataque de fungos",
253,223,Sapium marmieri,BURRA-LEITEIRA,Sapium,marmieri,Euphorbiaceae,0.39,7.5,5.6,10.8,1.34,8.92,62.66,32.56,2294.76,1441.58,6.57,branca,média,direita,ausente,indistintos,"causada pelas linhas vasculares  podem ocorrer manchas acinzentadas, causadas pelo ataque de fungos",3
254,281,Senegalia polyphylla = Acacia polyphylla,MONJOLEIRO,Senegalia,polyphylla,Mimosaceae,0.6,10.1,4.9,14.0,2.06,12.94,104.54,57.86,6776.41,4864.11,11.47,marrom,"pouco destacada, causada pelas linhas vasculares",média,ausente,indistintos,"em linhas radiais, devido ao contraste dos raios quando atacados por fungos  podem ocorrer manchas acinzentadas, causadas pelo ataque de fungos",21
255,231,Simarouba amara,MARUPÁ,Simarouba,amara,Simaroubaceae,0.37,6.8,4.8,8.3,1.42,7.26,64.04,33.05,2706.64,1402.35,6.96,marrom,média,direita,moderado,indistintos,"pouco destacada, causada pelas linhas vasculares",19
256,234,Spondias mombin = Spondias lutea,CAJÁ,Spondias,mombin,Anacardiaceae,0.38,6.0,2.5,9.5,2.4,7.45,45.99,29.62,3304.85,2000.56,6.08,branca,média,direita,médio,indistintos,ausente,3
257,235,Spondias mombin = Spondias lutea,CAJÁ,Spondias,mombin,Anacardiaceae,0.38,7.4,4.2,10.4,1.76,7.75,46.78,30.89,2108.44,1196.41,5.79,branca,média,direita,ausente,indistintos,"pouco destacada, causada pelas linhas vasculares",21
258,236,Sterculia apeibophylla,AXIXÁ,Sterculia,apeibophylla,Sterculiaceae,0.47,10.6,5.4,15.4,1.96,10.49,84.24,46.09,4079.58,3049.88,8.83,marrom,grossa,direita,moderado,indistintos,causada pelas linhas vasculares e pelos raios destacados,15
259,271,Vochysia ferruginea,QUARUBA,Vochysia,ferruginea,Vochysiaceae,0.41,10.7,5.0,14.1,2.14,7.94,66.1,37.76,3157.75,,7.16,rosa,média,direita,ausente,pouco distintos,"em linhas vasculares pouco destacadas, em linhas horizontais onduladas e descontínuas, devido ao parênquima axial e ocasionalmente, em linhas longitudinais escuras, causadas pelos canais axiais",5
260,278,Zanthoxylum rhoifolium = Zanthoxylum regnelianum,MAMINHA-DE-PORCA,Zanthoxylum,rhoifolium,Rutaceae,0.5,8.6,5.8,11.4,1.48,10.79,106.6,51.48,5128.89,3520.6,9.61,marrom,média,direita,ausente,pouco distintos,"pouco destacada, causada pelas linhas vasculares e em forma de V, devido às camadas de crescimento",23
261,33,Brosimum acutifolium subsp interjectum,MURURÉ,Brosimum,acutifolium,Moraceae,0.55,7.8,4.8,12.6,1.63,11.67,100.03,54.62,6805.83,4981.79,9.71,marrom,média,cruzada revessa,fraco,indistintos,ausente,"2,5"
262,37,Brosimum rubescens,CONDURU / PAU-VERMELHO,Brosimum,rubescens,Moraceae,0.71,8.1,5.3,12.0,1.53,16.38,147.49,76.59,10650.05,9345.76,12.55,vermelha,média,revessa,ausente,distintos," em faixas longitudinais e em forma de V, causadas pelas camadas de crescimento",24
263,156,Mezilaurus itauba,ITAUBA,Mezilaurus,itauba,Lauraceae,0.68,6.8,3.0,10.1,2.27,10.59,109.15,55.41,5217.15,5432.9,8.43,oliva,média,variando de ondulada a entrecruzada,pouco brilho,,ausente ,
264,202,Pouteria guianensis,ABIURANA ,Pouteria,guianensis,Sapotaceae,0.83,8.95,5.09,13.34,1.76,,140.53,68.06,11797.43,12993.84,18.93,,média,ondulada,moderado,distintos,"pouco destacada, causada pelas linhas vasculares",
265,203,Pouteria oblanceolata,TUTURUBÁ ,Pouteria,oblanceolata,Sapotaceae,0.79,8.9,5.2,13.8,1.71,15.4,153.18,77.86,13199.78,13003.65,15.98,,fina,direita,ausente,pouco distintos,"pouco destacada, em linhas longitudinais onduladas e descontínuas, causadas pelo parênquima axial",8
266,215,Qualea brevipedicellata,MANDIOQUEIRA ,Qualea,brevipedicellata,Vochysiaceae,0.74,8.6,4.4,13.6,1.95,15.59,132.0,79.83,11032.51,9630.15,13.14,,média a grossa,cruzada reversa,moderado,distintos,"de aspecto fibroso acentuado, causado por destaque de parênquimas axial e linhas vasculares",32
267,226,Tachigali chrysophylla =Sclerolobium chrysophyllum,TAXI-PITOMBA,Tachigali,chrysophylla,Caesalpiniaceae,0.62,7.4,3.7,11.0,2.0,12.26,115.72,59.13,7668.82,5952.65,13.44, marrom ,média,cruzada irregular,forte,pouco distintos,linhas (radial),"11,5"
268,249,Tachigali glauca = Tachigali cf myrmecophila,TAXI ,Tachigali,glauca,Caesalpiniaceae,0.57,7.5,5.2,11.9,1.44,12.94,130.62,57.47,8600.45,7874.76,14.12,amarelo-oliva a marrom amarelado-claro,média,cruzada reversa a cruzada irregular,acentuado,indistintos,em linhas vasculares e faixas causadas por destaque de anéis de crescimento,
